Location,Year,gii,ratio
Albania,2000,0.334,0.19337979094076654
Algeria,2000,0.624,0.05660377358490566
Argentina,2000,0.417,0.7289719626168224
Armenia,2000,0.473,0.039334341906202726
Australia,2000,0.16,0.842809364548495
Austria,2000,0.15,0.8132075471698114
Bahamas,2000,0.403,0.25668449197860965
Bangladesh,2000,0.683,0.5788667687595712
Barbados,2000,0.359,0.17318435754189945
Belgium,2000,0.122,0.7262247838616714
Benin,2000,0.673,0.23104693140794225
Botswana,2000,0.519,0.7055702917771883
Brazil,2000,0.51,0.5793269230769231
Bulgaria,2000,0.329,0.654424040066778
Burundi,2000,0.624,0.4661921708185053
Cambodia,2000,0.598,0.31314623338257014
Cameroon,2000,0.696,0.15909090909090906
Chile,2000,0.433,0.8704028021015762
China,2000,0.269,0.058076225045372055
Colombia,2000,0.501,0.4525862068965517
Congo,2000,0.623,0.2173913043478261
Costa Rica,2000,0.427,0.37735849056603776
Croatia,2000,0.205,0.6619047619047619
Cuba,2000,0.383,0.561576354679803
Cyprus,2000,0.253,0.3412322274881517
Denmark,2000,0.076,0.7966507177033493
Dominican Republic,2000,0.494,0.7465437788018433
Egypt,2000,0.637,0.02386634844868735
El Salvador,2000,0.511,0.1540785498489426
Estonia,2000,0.291,0.48462929475587707
Finland,2000,0.085,0.7017543859649122
France,2000,0.162,0.7974025974025973
Gambia,2000,0.75,0.10997442455242966
Georgia,2000,0.409,0.0992
Germany,2000,0.13,0.7919999999999999
Greece,2000,0.221,0.7133105802047781
Guyana,2000,0.55,0.11180124223602486
Hungary,2000,0.293,0.7489082969432315
Iceland,2000,0.148,0.8445121951219513
Indonesia,2000,0.563,0.25487256371814093
Iran (Islamic Republic of),2000,0.593,0.20168067226890754
Iraq,2000,0.664,0.18143459915611815
Ireland,2000,0.198,1.0639534883720931
Israel,2000,0.197,0.5928753180661578
Italy,2000,0.178,0.6048632218844985
Jamaica,2000,0.457,0.3074324324324324
Japan,2000,0.135,0.2783109404990403
Kazakhstan,2000,0.4,0.18783542039355994
Kenya,2000,0.692,0.16149068322981366
Kuwait,2000,0.586,0.14814814814814814
Kyrgyzstan,2000,0.481,0.08732876712328767
Lao People's Democratic Republic,2000,0.58,0.45595238095238094
Latvia,2000,0.286,0.4379432624113475
Lesotho,2000,0.586,0.2983425414364641
Liberia,2000,0.687,0.2792792792792793
Lithuania,2000,0.286,0.41796874999999994
Luxembourg,2000,0.158,0.7302052785923753
Malawi,2000,0.683,0.34986945169712796
Malaysia,2000,0.304,0.05860805860805861
Mali,2000,0.709,0.1511111111111111
Malta,2000,0.293,0.6104513064133016
Mauritius,2000,0.479,0.22564102564102562
Mexico,2000,0.469,0.3577464788732394
Mongolia,2000,0.449,0.1879815100154083
Morocco,2000,0.7,0.049217002237136466
Mozambique,2000,0.627,0.30210772833723654
Namibia,2000,0.544,0.9081272084805653
Nepal,2000,0.669,0.7374830852503382
Netherlands,2000,0.091,0.8505747126436782
New Zealand,2000,0.19,0.9966329966329968
Niger,2000,0.797,0.16176470588235295
Norway,2000,0.108,0.9545454545454546
Panama,2000,0.513,0.22382671480144406
Paraguay,2000,0.555,0.33707865168539325
Philippines,2000,0.493,0.23036649214659685
Poland,2000,0.205,0.7548387096774194
Portugal,2000,0.19,0.42134831460674155
Russian Federation,2000,0.422,0.23243243243243245
Rwanda,2000,0.554,0.40909090909090906
Samoa,2000,0.469,0.411965811965812
Senegal,2000,0.646,0.08058608058608059
Sierra Leone,2000,0.697,0.49094567404426553
Singapore,2000,0.253,0.208029197080292
Slovakia,2000,0.219,0.4724770642201835
South Africa,2000,0.47,0.6109936575052854
Spain,2000,0.119,0.644736842105263
Sweden,2000,0.061,1.1598360655737705
Switzerland,2000,0.094,0.7220543806646524
Thailand,2000,0.435,0.09844559585492228
Togo,2000,0.662,0.27225130890052357
Tonga,2000,0.666,0.28571428571428575
Tunisia,2000,0.412,0.08469945355191257
Turkey,2000,0.554,0.2849364791288566
Uganda,2000,0.644,0.3557951482479784
Ukraine,2000,0.388,0.2459807073954984
United Arab Emirates,2000,0.609,0.030732860520094565
Uruguay,2000,0.377,0.7528089887640449
Yemen,2000,0.807,0.39592760180995473
Zambia,2000,0.652,0.24764890282131663
Zimbabwe,2000,0.626,0.086053412462908
Albania,2005,0.306,0.18083182640144665
Algeria,2005,0.552,0.04975124378109452
Argentina,2005,0.372,0.6659192825112107
Armenia,2005,0.392,0.03525641025641026
Australia,2005,0.139,0.8068181818181819
Austria,2005,0.118,0.8370044052863437
Azerbaijan,2005,0.341,0.0059760956175298795
Bahamas,2005,0.363,0.23369565217391305
Bahrain,2005,0.321,0.2523148148148148
Bangladesh,2005,0.638,0.4796238244514107
Barbados,2005,0.351,0.16568047337278108
Belgium,2005,0.104,0.7647058823529412
Benin,2005,0.655,0.20361990950226244
Botswana,2005,0.512,0.5439999999999999
Brazil,2005,0.474,0.5635838150289018
Bulgaria,2005,0.253,0.6917431192660551
Burkina Faso,2005,0.641,0.6032786885245901
Burundi,2005,0.567,0.42971887550200805
Cambodia,2005,0.568,0.2525083612040134
Cameroon,2005,0.654,0.12571428571428572
Canada,2005,0.139,0.6390374331550802
Chile,2005,0.377,0.8571428571428571
China,2005,0.227,0.0509433962264151
Colombia,2005,0.494,0.40625
Congo,2005,0.625,0.15714285714285714
Costa Rica,2005,0.349,0.3632286995515695
Croatia,2005,0.157,0.7279411764705883
Cuba,2005,0.34,0.4972067039106145
Cyprus,2005,0.14,0.36930860033726814
Czechia,2005,0.153,0.7237851662404092
Denmark,2005,0.064,0.847305389221557
Dominican Republic,2005,0.494,0.7262569832402235
Egypt,2005,0.579,0.01909307875894988
El Salvador,2005,0.482,0.14046822742474918
Estonia,2005,0.227,0.5294117647058824
Ethiopia,2005,0.622,0.11926605504587157
Fiji,2005,0.435,0.2884210526315789
Finland,2005,0.088,0.74
France,2005,0.138,0.8373333333333333
Gambia,2005,0.654,0.09090909090909091
Georgia,2005,0.391,0.09899328859060404
Germany,2005,0.117,0.8068181818181818
Ghana,2005,0.574,0.08910891089108912
Greece,2005,0.179,0.71875
Guyana,2005,0.525,0.10852713178294573
Haiti,2005,0.593,0.3132530120481928
Hungary,2005,0.265,0.7535545023696683
Iceland,2005,0.125,0.88715953307393
India,2005,0.624,0.4802867383512545
Indonesia,2005,0.55,0.18168389955686853
Iran (Islamic Republic of),2005,0.511,0.18012422360248445
Ireland,2005,0.191,0.9843260188087775
Israel,2005,0.173,0.5499999999999999
Italy,2005,0.176,0.6419354838709677
Jamaica,2005,0.458,0.28515625
Japan,2005,0.146,0.2891304347826087
Kazakhstan,2005,0.358,0.1769230769230769
Kenya,2005,0.645,0.15140845070422534
Kuwait,2005,0.381,0.12387387387387387
Kyrgyzstan,2005,0.676,0.08007117437722419
Lao People's Democratic Republic,2005,0.544,0.37803320561941256
Latvia,2005,0.24,0.44852941176470584
Lesotho,2005,0.578,0.20740740740740743
Liberia,2005,0.669,0.21717171717171715
Lithuania,2005,0.196,0.44685466377440347
Luxembourg,2005,0.138,0.7508090614886731
Malawi,2005,0.651,0.322884012539185
Malaysia,2005,0.285,0.04536489151873767
Mali,2005,0.706,0.125
Malta,2005,0.288,0.6595744680851063
Mauritius,2005,0.392,0.1869328493647913
Mexico,2005,0.43,0.34201954397394135
Mongolia,2005,0.414,0.16806722689075632
Morocco,2005,0.564,0.04325699745547074
Mozambique,2005,0.608,0.2777777777777778
Namibia,2005,0.519,0.6441281138790036
Nepal,2005,0.647,0.6108597285067874
Netherlands,2005,0.083,0.84375
New Zealand,2005,0.17,0.948207171314741
Niger,2005,0.703,0.11888111888111887
Norway,2005,0.085,0.9484240687679084
Oman,2005,0.387,0.05555555555555555
Pakistan,2005,0.601,0.3286852589641434
Panama,2005,0.476,0.23113207547169815
Paraguay,2005,0.531,0.3008356545961003
Peru,2005,0.464,0.24934383202099736
Philippines,2005,0.481,0.21264367816091953
Poland,2005,0.164,0.7396593673965937
Portugal,2005,0.17,0.48275862068965525
Romania,2005,0.357,0.5501066098081023
Russian Federation,2005,0.359,0.2682445759368836
Rwanda,2005,0.495,0.39299610894941633
Samoa,2005,0.459,0.41523809523809524
Saudi Arabia,2005,0.679,0.12292358803986711
Senegal,2005,0.638,0.06694560669456068
Sierra Leone,2005,0.67,0.41801385681293307
Singapore,2005,0.155,0.19927536231884058
Slovakia,2005,0.189,0.5214285714285714
Slovenia,2005,0.134,0.8458646616541353
South Africa,2005,0.464,0.5234042553191489
Spain,2005,0.117,0.7096774193548387
Sri Lanka,2005,0.442,0.13755458515283844
Sweden,2005,0.052,1.1288782816229117
Switzerland,2005,0.073,0.740506329113924
Thailand,2005,0.386,0.09073724007561437
Togo,2005,0.64,0.2138728323699422
Tonga,2005,0.451,0.27524752475247527
Tunisia,2005,0.312,0.0745814307458143
Turkey,2005,0.531,0.31692913385826776
Uganda,2005,0.595,0.3252595155709343
Ukraine,2005,0.379,0.244122965641953
United Arab Emirates,2005,0.592,0.027500000000000004
Uruguay,2005,0.362,0.7440633245382586
Yemen,2005,0.796,0.36318407960199
Zambia,2005,0.627,0.2255892255892256
Zimbabwe,2005,0.593,0.07278481012658226
Albania,2010,0.242,0.17105263157894735
Algeria,2010,0.507,0.046997389033942565
Argentina,2010,0.358,0.6155913978494623
Armenia,2010,0.342,0.03264604810996563
Australia,2010,0.138,0.7816593886462881
Austria,2010,0.111,0.8634020618556701
Azerbaijan,2010,0.313,0.004415011037527595
Bahamas,2010,0.38,0.20652173913043478
Bahrain,2010,0.247,0.23459715639810425
Bangladesh,2010,0.592,0.3958333333333333
Barbados,2010,0.327,0.16149068322981366
Belarus,2010,0.15,0.22090729783037472
Belgium,2010,0.091,0.8
Benin,2010,0.625,0.18181818181818182
Bosnia and Herzegovina,2010,0.228,0.6331360946745562
Botswana,2010,0.506,0.41554959785522794
Brazil,2010,0.456,0.5520833333333334
Bulgaria,2010,0.244,0.7449392712550607
Burkina Faso,2010,0.614,0.4519572953736654
Burundi,2010,0.532,0.390134529147982
Cambodia,2010,0.506,0.21188118811881188
Cameroon,2010,0.617,0.09714285714285714
Canada,2010,0.132,0.598705501618123
Chile,2010,0.342,0.8400000000000001
China,2010,0.194,0.045186640471512766
Colombia,2010,0.468,0.35802469135802467
Congo,2010,0.613,0.11157024793388431
Costa Rica,2010,0.331,0.3526315789473684
Croatia,2010,0.146,0.797979797979798
Cuba,2010,0.32,0.440251572327044
Cyprus,2010,0.132,0.40579710144927533
Czechia,2010,0.135,0.7380952380952381
Denmark,2010,0.056,0.912878787878788
Dominican Republic,2010,0.488,0.7094594594594594
El Salvador,2010,0.435,0.12639405204460966
Estonia,2010,0.176,0.5736961451247166
Ethiopia,2010,0.587,0.11224489795918367
Finland,2010,0.077,0.789272030651341
France,2010,0.107,0.8648648648648649
Gambia,2010,0.658,0.07523510971786834
Georgia,2010,0.406,0.09739130434782609
Germany,2010,0.097,0.8308157099697885
Ghana,2010,0.577,0.06896551724137931
Greece,2010,0.157,0.7207920792079208
Guyana,2010,0.498,0.1032258064516129
Hungary,2010,0.244,0.7564102564102564
Iceland,2010,0.099,0.9253731343283582
India,2010,0.59,0.3955823293172691
Indonesia,2010,0.508,0.12954876273653565
Iran (Islamic Republic of),2010,0.519,0.16608996539792387
Iraq,2010,0.575,0.12064965197215777
Ireland,2010,0.17,0.9149659863945578
Israel,2010,0.149,0.5081521739130435
Italy,2010,0.124,0.6689189189189189
Jamaica,2010,0.443,0.2669683257918552
Japan,2010,0.121,0.3004926108374384
Kazakhstan,2010,0.275,0.1694560669456067
Kenya,2010,0.594,0.14342629482071712
Kuwait,2010,0.228,0.1056338028169014
Kyrgyzstan,2010,0.361,0.07285974499089254
Lao People's Democratic Republic,2010,0.509,0.32535211267605635
Latvia,2010,0.231,0.4600760456273764
Lebanon,2010,0.424,0.7403651115618661
Lesotho,2010,0.566,0.1456953642384106
Liberia,2010,0.656,0.17514124293785313
Lithuania,2010,0.168,0.4772182254196642
Luxembourg,2010,0.126,0.7849462365591398
Malawi,2010,0.603,0.29850746268656714
Malaysia,2010,0.273,0.03601694915254237
Mali,2010,0.672,0.10267857142857142
Malta,2010,0.266,0.7125748502994013
Mauritius,2010,0.39,0.1532567049808429
Mexico,2010,0.403,0.32584269662921345
Mongolia,2010,0.409,0.14954954954954955
Morocco,2010,0.533,0.03735632183908046
Mozambique,2010,0.582,0.25901639344262295
Myanmar,2010,0.533,0.3810775295663601
Namibia,2010,0.502,0.4571428571428572
Nepal,2010,0.525,0.47368421052631576
Netherlands,2010,0.054,0.8401360544217688
New Zealand,2010,0.174,0.8962264150943396
Norway,2010,0.075,0.9456521739130435
Oman,2010,0.328,0.049450549450549455
Pakistan,2010,0.572,0.26573426573426573
Panama,2010,0.504,0.2378048780487805
Paraguay,2010,0.494,0.27147766323024053
Peru,2010,0.43,0.24253731343283583
Philippines,2010,0.457,0.19456066945606698
Poland,2010,0.17,0.7315068493150685
Portugal,2010,0.135,0.5483870967741935
Qatar,2010,0.557,0.06204379562043796
Romania,2010,0.357,0.5119617224880383
Russian Federation,2010,0.305,0.3055555555555556
Rwanda,2010,0.445,0.37229437229437223
Samoa,2010,0.417,0.41561181434599154
Sao Tome and Principe,2010,0.538,0.22580645161290322
Saudi Arabia,2010,0.646,0.09539473684210527
Senegal,2010,0.593,0.05660377358490566
Serbia,2010,0.199,0.8957871396895787
Sierra Leone,2010,0.665,0.35526315789473684
Singapore,2010,0.094,0.19133574007220217
Slovakia,2010,0.195,0.5753086419753086
Slovenia,2010,0.126,0.8339768339768341
South Africa,2010,0.439,0.4456289978678038
Spain,2010,0.115,0.7853107344632769
Sri Lanka,2010,0.415,0.10290827740492169
Sweden,2010,0.05,1.0861111111111112
Switzerland,2010,0.062,0.7674418604651163
Thailand,2010,0.364,0.08367346938775509
Togo,2010,0.613,0.1730769230769231
Tonga,2010,0.643,0.26464646464646463
Tunisia,2010,0.286,0.06837606837606838
Turkey,2010,0.427,0.3489361702127659
Uganda,2010,0.571,0.2982456140350877
Ukraine,2010,0.334,0.24543610547667344
United Arab Emirates,2010,0.233,0.026385224274406333
Uruguay,2010,0.318,0.7384615384615385
Uzbekistan,2010,0.261,0.04961832061068703
Yemen,2010,0.799,0.3306233062330623
Zambia,2010,0.596,0.20143884892086328
Zimbabwe,2010,0.595,0.06462585034013606
Albania,2013,0.221,0.16538461538461538
Algeria,2013,0.416,0.04278074866310161
Argentina,2013,0.348,0.5880597014925373
Armenia,2013,0.307,0.03220035778175313
Australia,2013,0.119,0.759433962264151
Austria,2013,0.093,0.8863636363636362
Azerbaijan,2013,0.318,0.00468384074941452
Bahamas,2013,0.376,0.1956521739130435
Bahrain,2013,0.23,0.22302158273381295
Bangladesh,2013,0.579,0.3538961038961039
Barbados,2013,0.306,0.15384615384615385
Belarus,2013,0.153,0.22995780590717302
Belgium,2013,0.074,0.8200692041522492
Benin,2013,0.624,0.16774193548387098
Bosnia and Herzegovina,2013,0.183,0.6415478615071283
Botswana,2013,0.496,0.3548387096774193
Brazil,2013,0.448,0.5486381322957199
Bulgaria,2013,0.217,0.7751605995717344
Burkina Faso,2013,0.601,0.38289962825278817
Burundi,2013,0.519,0.37320574162679426
Cambodia,2013,0.493,0.19247787610619466
Cameroon,2013,0.577,0.08571428571428572
Canada,2013,0.119,0.5818181818181818
Chile,2013,0.309,0.8333333333333334
China,2013,0.178,0.04233870967741936
Colombia,2013,0.461,0.33793103448275863
Congo,2013,0.602,0.09090909090909091
Costa Rica,2013,0.313,0.3508771929824561
Croatia,2013,0.133,0.8457583547557841
Cuba,2013,0.316,0.40898876404494383
Cyprus,2013,0.134,0.42669172932330823
Czechia,2013,0.138,0.7533875338753389
Denmark,2013,0.046,0.9478260869565218
Dominican Republic,2013,0.478,0.6865671641791045
El Salvador,2013,0.405,0.11857707509881422
Estonia,2013,0.162,0.6034063260340633
Ethiopia,2013,0.57,0.11956521739130437
Finland,2013,0.067,0.8215767634854771
France,2013,0.089,0.8904109589041096
Gambia,2013,0.647,0.06644518272425248
Georgia,2013,0.366,0.09642857142857143
Germany,2013,0.083,0.8495297805642634
Ghana,2013,0.559,0.0625
Greece,2013,0.132,0.7222222222222222
Guyana,2013,0.483,0.10294117647058823
Haiti,2013,0.635,0.2727272727272727
Hungary,2013,0.243,0.7546666666666667
Iceland,2013,0.088,0.9431818181818182
India,2013,0.573,0.3490364025695931
Indonesia,2013,0.498,0.10533910533910534
Iran (Islamic Republic of),2013,0.512,0.15441176470588236
Iraq,2013,0.572,0.10588235294117647
Ireland,2013,0.139,0.8723404255319149
Israel,2013,0.13,0.48342541436464087
Italy,2013,0.09,0.686411149825784
Jamaica,2013,0.424,0.2561576354679803
Japan,2013,0.13,0.30666666666666664
Kazakhstan,2013,0.227,0.16483516483516483
Kenya,2013,0.544,0.14163090128755362
Kuwait,2013,0.235,0.0976190476190476
Kyrgyzstan,2013,0.375,0.07063197026022305
Lao People's Democratic Republic,2013,0.49,0.2987987987987988
Latvia,2013,0.219,0.46783625730994155
Lebanon,2013,0.439,0.7413441955193483
Lesotho,2013,0.557,0.11728395061728394
Liberia,2013,0.657,0.1506024096385542
Lithuania,2013,0.142,0.4961832061068703
Luxembourg,2013,0.09,0.8022813688212929
Malawi,2013,0.587,0.27983539094650206
Malaysia,2013,0.268,0.030837004405286344
Malta,2013,0.202,0.7524115755627009
Mauritius,2013,0.37,0.13861386138613863
Mexico,2013,0.362,0.3183673469387755
Mongolia,2013,0.321,0.14015151515151517
Morocco,2013,0.492,0.03384615384615385
Mozambique,2013,0.559,0.24637681159420288
Myanmar,2013,0.524,0.34599728629579374
Namibia,2013,0.487,0.37142857142857144
Netherlands,2013,0.049,0.835125448028674
New Zealand,2013,0.157,0.8795811518324607
Niger,2013,0.674,0.07142857142857144
Norway,2013,0.062,0.9375
Oman,2013,0.317,0.04371584699453552
Pakistan,2013,0.554,0.23469387755102036
Panama,2013,0.488,0.24113475177304963
Paraguay,2013,0.453,0.25390625
Peru,2013,0.432,0.23853211009174313
Philippines,2013,0.441,0.18281938325991193
Poland,2013,0.153,0.7264705882352941
Portugal,2013,0.115,0.5946745562130178
Qatar,2013,0.538,0.05925925925925926
Romania,2013,0.32,0.4872448979591837
Russian Federation,2013,0.279,0.3355855855855856
Rwanda,2013,0.422,0.36697247706422015
Samoa,2013,0.44,0.41704035874439466
Sao Tome and Principe,2013,0.532,0.19148936170212766
Saudi Arabia,2013,0.293,0.08116883116883117
Senegal,2013,0.55,0.0510204081632653
Serbia,2013,0.165,0.9465116279069768
Sierra Leone,2013,0.657,0.32386363636363635
Singapore,2013,0.078,0.19272727272727272
Slovakia,2013,0.186,0.6080402010050252
Slovenia,2013,0.072,0.8235294117647058
South Africa,2013,0.423,0.40384615384615385
Spain,2013,0.097,0.8297872340425533
Sri Lanka,2013,0.405,0.08390022675736962
Sweden,2013,0.047,1.0699088145896658
Switzerland,2013,0.052,0.7842465753424658
Thailand,2013,0.361,0.08008658008658008
Togo,2013,0.585,0.14864864864864866
Tonga,2013,0.422,0.25971370143149286
Tunisia,2013,0.28,0.06375227686703097
Turkey,2013,0.362,0.36585365853658536
Uganda,2013,0.551,0.28426395939086296
Ukraine,2013,0.313,0.24295010845986983
United Arab Emirates,2013,0.215,0.024324324324324326
Uruguay,2013,0.332,0.7414965986394558
Uzbekistan,2013,0.275,0.052000000000000005
Yemen,2013,0.805,0.31339031339031337
Zambia,2013,0.589,0.19101123595505617
Zimbabwe,2013,0.551,0.05653710247349823
Albania,2014,0.217,0.16441005802707928
Algeria,2014,0.424,0.04289544235924934
Argentina,2014,0.345,0.5851393188854489
Armenia,2014,0.308,0.03102189781021898
Australia,2014,0.116,0.7536231884057971
Austria,2014,0.09,0.8866279069767442
Azerbaijan,2014,0.321,0.004761904761904762
Bahamas,2014,0.373,0.1891891891891892
Bahrain,2014,0.226,0.2195704057279236
Bangladesh,2014,0.57,0.3425774877650897
Barbados,2014,0.301,0.15584415584415584
Belarus,2014,0.153,0.23225806451612904
Belgium,2014,0.063,0.8303886925795053
Benin,2014,0.619,0.16891891891891891
Botswana,2014,0.483,0.3351206434316354
Brazil,2014,0.442,0.5443548387096774
Bulgaria,2014,0.236,0.7792207792207791
Burundi,2014,0.515,0.36585365853658536
Cambodia,2014,0.488,0.1889400921658986
Cameroon,2014,0.575,0.08
Canada,2014,0.116,0.5741444866920152
Chile,2014,0.303,0.8316831683168316
China,2014,0.175,0.04081632653061224
Colombia,2014,0.436,0.32857142857142857
Congo,2014,0.59,0.08487084870848707
Costa Rica,2014,0.321,0.3413173652694611
Croatia,2014,0.127,0.853470437017995
Cuba,2014,0.316,0.3977011494252874
Cyprus,2014,0.118,0.43238095238095237
Czechia,2014,0.139,0.7520435967302452
Denmark,2014,0.044,0.9681818181818183
Dominican Republic,2014,0.477,0.6821705426356589
El Salvador,2014,0.4,0.11740890688259109
Estonia,2014,0.171,0.6159600997506234
Ethiopia,2014,0.561,0.1111111111111111
Fiji,2014,0.377,0.2677345537757437
Finland,2014,0.064,0.8247863247863249
France,2014,0.087,0.885558583106267
Gambia,2014,0.634,0.06440677966101695
Georgia,2014,0.362,0.0966010733452594
Germany,2014,0.081,0.8507936507936508
Ghana,2014,0.557,0.06410256410256411
Greece,2014,0.127,0.7217573221757323
Guyana,2014,0.479,0.10305343511450382
Haiti,2014,0.633,0.2695035460992908
Hungary,2014,0.235,0.7560975609756098
Iceland,2014,0.083,0.9580838323353293
India,2014,0.561,0.33916849015317285
Indonesia,2014,0.5,0.09756097560975609
Iran (Islamic Republic of),2014,0.516,0.15037593984962405
Iraq,2014,0.578,0.1026252983293556
Ireland,2014,0.135,0.8633093525179856
Israel,2014,0.127,0.4736842105263158
Italy,2014,0.087,0.6985815602836879
Jamaica,2014,0.417,0.25380710659898476
Japan,2014,0.127,0.3095890410958904
Kazakhstan,2014,0.218,0.16444444444444445
Kenya,2014,0.54,0.13973799126637557
Kuwait,2014,0.33,0.09330143540669857
Kyrgyzstan,2014,0.375,0.0691588785046729
Lao People's Democratic Republic,2014,0.483,0.28810975609756095
Latvia,2014,0.223,0.4725490196078432
Lebanon,2014,0.444,0.7322515212981745
Lesotho,2014,0.555,0.11044176706827309
Liberia,2014,0.657,0.1419753086419753
Lithuania,2014,0.137,0.5
Luxembourg,2014,0.084,0.8093385214007782
Malawi,2014,0.596,0.27467811158798283
Malaysia,2014,0.265,0.0289532293986637
Mali,2014,0.68,0.08482142857142858
Malta,2014,0.194,0.7598684210526316
Mauritius,2014,0.377,0.13226452905811623
Mexico,2014,0.359,0.31512605042016806
Mongolia,2014,0.322,0.13653846153846153
Morocco,2014,0.492,0.031545741324921134
Myanmar,2014,0.526,0.3337893296853625
Nepal,2014,0.494,0.38764044943820225
Netherlands,2014,0.048,0.8284671532846716
New Zealand,2014,0.157,0.8702702702702704
Niger,2014,0.67,0.06369426751592357
Norway,2014,0.058,0.9429824561403508
Oman,2014,0.314,0.04371584699453552
Pakistan,2014,0.548,0.22427440633245382
Panama,2014,0.435,0.23880597014925373
Paraguay,2014,0.457,0.2479674796747967
Peru,2014,0.428,0.23529411764705882
Philippines,2014,0.439,0.18284424379232506
Poland,2014,0.15,0.7228915662650601
Portugal,2014,0.11,0.6101190476190476
Qatar,2014,0.53,0.05555555555555555
Romania,2014,0.318,0.4790575916230366
Russian Federation,2014,0.273,0.34324942791762014
Rwanda,2014,0.417,0.3615023474178404
Samoa,2014,0.411,0.4145785876993166
Sao Tome and Principe,2014,0.531,0.18085106382978722
Saudi Arabia,2014,0.288,0.07766990291262137
Senegal,2014,0.545,0.046875
Serbia,2014,0.16,0.9669811320754718
Sierra Leone,2014,0.655,0.3119533527696793
Singapore,2014,0.07,0.19064748201438847
Slovakia,2014,0.186,0.6227848101265823
Slovenia,2014,0.065,0.8235294117647058
South Africa,2014,0.421,0.3897216274089935
Spain,2014,0.09,0.85
Sri Lanka,2014,0.404,0.07990867579908677
Sweden,2014,0.046,1.0660377358490565
Switzerland,2014,0.049,0.7862068965517242
Thailand,2014,0.423,0.07912087912087912
Togo,2014,0.576,0.14482758620689656
Tonga,2014,0.635,0.2581967213114754
Tunisia,2014,0.272,0.06307977736549165
Turkey,2014,0.355,0.3755656108597285
Uganda,2014,0.547,0.2765957446808511
Ukraine,2014,0.302,0.24390243902439024
United Arab Emirates,2014,0.203,0.024390243902439025
Uruguay,2014,0.33,0.7333333333333333
Uzbekistan,2014,0.276,0.052631578947368425
Yemen,2014,0.809,0.30724637681159417
Zambia,2014,0.587,0.1849056603773585
Zimbabwe,2014,0.548,0.057347670250896064
Albania,2015,0.207,0.1614785992217899
Algeria,2015,0.427,0.04054054054054054
Armenia,2015,0.309,0.03142329020332717
Australia,2015,0.11,0.7438423645320197
Austria,2015,0.089,0.894578313253012
Azerbaijan,2015,0.316,0.004866180048661801
Bahamas,2015,0.367,0.18378378378378377
Bahrain,2015,0.236,0.21770334928229665
Bangladesh,2015,0.562,0.3295269168026101
Barbados,2015,0.306,0.15584415584415584
Belarus,2015,0.153,0.23620309050772628
Belgium,2015,0.057,0.8387096774193549
Benin,2015,0.624,0.1619718309859155
Bosnia and Herzegovina,2015,0.168,0.6479166666666667
Botswana,2015,0.481,0.31989247311827956
Brazil,2015,0.439,0.5416666666666666
Bulgaria,2015,0.227,0.7880794701986756
Burkina Faso,2015,0.619,0.34362934362934366
Burundi,2015,0.509,0.3582089552238806
Cambodia,2015,0.483,0.18138424821002386
Cameroon,2015,0.572,0.07428571428571429
Canada,2015,0.114,0.5625
Chad,2015,0.714,0.12962962962962962
Chile,2015,0.3,0.8303393213572854
China,2015,0.172,0.04106776180698152
Colombia,2015,0.433,0.32592592592592595
Congo,2015,0.588,0.07913669064748202
Costa Rica,2015,0.316,0.3416149068322981
Croatia,2015,0.151,0.8759689922480619
Cuba,2015,0.315,0.3900709219858156
Cyprus,2015,0.114,0.44145873320537427
Czechia,2015,0.134,0.760989010989011
Denmark,2015,0.044,0.976303317535545
Dominican Republic,2015,0.472,0.68
El Salvador,2015,0.388,0.11522633744855966
Estonia,2015,0.144,0.6186868686868686
Ethiopia,2015,0.534,0.11363636363636363
Fiji,2015,0.371,0.26497695852534564
Finland,2015,0.063,0.8377192982456141
France,2015,0.085,0.8983516483516485
Gambia,2015,0.631,0.06228373702422146
Georgia,2015,0.359,0.09549549549549549
Germany,2015,0.076,0.8557692307692307
Ghana,2015,0.556,0.06578947368421052
Greece,2015,0.124,0.721868365180467
Guyana,2015,0.477,0.1
Haiti,2015,0.632,0.2589928057553957
Hungary,2015,0.235,0.7575757575757577
Iceland,2015,0.075,0.9625
India,2015,0.55,0.3251121076233184
Indonesia,2015,0.494,0.09142857142857143
Iran (Islamic Republic of),2015,0.507,0.14885496183206107
Iraq,2015,0.566,0.09855769230769229
Ireland,2015,0.128,0.8498168498168498
Israel,2015,0.114,0.4677871148459383
Italy,2015,0.086,0.7060931899641577
Jamaica,2015,0.414,0.25
Japan,2015,0.121,0.3109243697478991
Kazakhstan,2015,0.212,0.1606334841628959
Kenya,2015,0.537,0.13901345291479822
Kuwait,2015,0.328,0.09156626506024096
Kyrgyzstan,2015,0.389,0.06766917293233082
Lao People's Democratic Republic,2015,0.478,0.2821316614420063
Latvia,2015,0.217,0.47722772277227726
Lebanon,2015,0.448,0.7281947261663286
Lesotho,2015,0.558,0.10433070866141733
Liberia,2015,0.66,0.1375
Lithuania,2015,0.133,0.5092838196286471
Luxembourg,2015,0.077,0.8134920634920635
Malawi,2015,0.594,0.2711111111111111
Malaysia,2015,0.27,0.02696629213483146
Mali,2015,0.681,0.08482142857142858
Malta,2015,0.196,0.7692307692307693
Mauritius,2015,0.403,0.12701612903225806
Mexico,2015,0.347,0.316017316017316
Mongolia,2015,0.326,0.1350293542074364
Morocco,2015,0.471,0.032467532467532464
Mozambique,2015,0.546,0.24031007751937986
Myanmar,2015,0.466,0.3259361997226075
Namibia,2015,0.463,0.32269503546099293
Nepal,2015,0.493,0.36781609195402293
Netherlands,2015,0.048,0.8296296296296296
New Zealand,2015,0.149,0.8651685393258427
Niger,2015,0.668,0.06289308176100629
Norway,2015,0.054,0.9406392694063929
Oman,2015,0.325,0.04347826086956522
Pakistan,2015,0.541,0.21525885558583105
Panama,2015,0.432,0.2421875
Paraguay,2015,0.455,0.24680851063829787
Peru,2015,0.425,0.23157894736842108
Philippines,2015,0.436,0.17808219178082194
Poland,2015,0.141,0.7134146341463414
Portugal,2015,0.099,0.6220238095238094
Qatar,2015,0.524,0.05576208178438662
Romania,2015,0.317,0.4705882352941177
Russian Federation,2015,0.256,0.351981351981352
Rwanda,2015,0.412,0.3605769230769231
Samoa,2015,0.406,0.41627906976744183
Sao Tome and Principe,2015,0.53,0.1702127659574468
Saudi Arabia,2015,0.277,0.07467532467532467
Senegal,2015,0.542,0.04812834224598931
Serbia,2015,0.163,0.985576923076923
Sierra Leone,2015,0.653,0.30149253731343284
Singapore,2015,0.067,0.18705035971223022
Slovakia,2015,0.186,0.635204081632653
Slovenia,2015,0.063,0.8188976377952757
South Africa,2015,0.419,0.37901498929336186
Spain,2015,0.084,0.8690095846645367
Sri Lanka,2015,0.412,0.07551487414187642
Sweden,2015,0.045,1.057877813504823
Switzerland,2015,0.047,0.7909407665505226
Thailand,2015,0.424,0.07589285714285715
Togo,2015,0.577,0.14084507042253522
Tonga,2015,0.632,0.2540983606557377
Tunisia,2015,0.275,0.06095238095238095
Turkey,2015,0.339,0.3847926267281106
Uganda,2015,0.544,0.2737430167597766
Ukraine,2015,0.288,0.24429223744292236
United Arab Emirates,2015,0.175,0.024657534246575342
Uruguay,2015,0.302,0.7391304347826086
Uzbekistan,2015,0.29,0.053497942386831275
Yemen,2015,0.819,0.30294117647058827
Zambia,2015,0.573,0.18390804597701146
Zimbabwe,2015,0.546,0.05454545454545454
Albania,2016,0.205,0.16046966731898238
Algeria,2016,0.425,0.04076086956521739
Argentina,2016,0.338,0.5629139072847682
Armenia,2016,0.303,0.029906542056074768
Australia,2016,0.108,0.7360406091370558
Austria,2016,0.087,0.9009287925696595
Azerbaijan,2016,0.317,0.0049504950495049506
Bahamas,2016,0.363,0.17837837837837836
Bahrain,2016,0.235,0.21342925659472423
Bangladesh,2016,0.555,0.3174342105263158
Barbados,2016,0.298,0.15789473684210525
Belarus,2016,0.138,0.23873873873873874
Belgium,2016,0.054,0.8442028985507246
Benin,2016,0.619,0.16296296296296298
Bosnia and Herzegovina,2016,0.167,0.6463157894736842
Botswana,2016,0.478,0.3029490616621984
Brazil,2016,0.436,0.5387931034482759
Brunei Darussalam,2016,0.299,0.09407665505226481
Bulgaria,2016,0.225,0.8
Burkina Faso,2016,0.616,0.32421875
Burundi,2016,0.508,0.3520408163265306
Cambodia,2016,0.478,0.17955112219451372
Cameroon,2016,0.569,0.07428571428571429
Canada,2016,0.101,0.5591836734693877
Chad,2016,0.713,0.12037037037037036
Chile,2016,0.288,0.8253012048192772
China,2016,0.169,0.039337474120082816
Colombia,2016,0.431,0.3153846153846154
Congo,2016,0.584,0.07342657342657342
Costa Rica,2016,0.319,0.33974358974358976
Croatia,2016,0.16,0.8932291666666666
Cuba,2016,0.312,0.3825665859564165
Cyprus,2016,0.091,0.44639376218323584
Czechia,2016,0.135,0.7624309392265193
Denmark,2016,0.042,0.9900497512437809
Dominican Republic,2016,0.458,0.6749999999999999
Egypt,2016,0.452,0.009456264775413713
El Salvador,2016,0.386,0.11297071129707115
Estonia,2016,0.142,0.6321243523316061
Ethiopia,2016,0.528,0.11627906976744186
Fiji,2016,0.374,0.26573426573426573
Finland,2016,0.06,0.846153846153846
France,2016,0.081,0.9038461538461539
Gambia,2016,0.627,0.06007067137809187
Georgia,2016,0.335,0.09636363636363636
Germany,2016,0.076,0.8571428571428571
Ghana,2016,0.553,0.05405405405405406
Greece,2016,0.126,0.7268817204301075
Guyana,2016,0.472,0.09999999999999999
Haiti,2016,0.776,0.25547445255474455
Hungary,2016,0.239,0.7640449438202247
Iceland,2016,0.066,0.9607843137254901
India,2016,0.541,0.3120728929384966
Indonesia,2016,0.491,0.08534850640113799
Iran (Islamic Republic of),2016,0.455,0.14901960784313725
Iraq,2016,0.556,0.09443099273607748
Ireland,2016,0.111,0.8395522388059701
Israel,2016,0.111,0.46067415730337075
Italy,2016,0.084,0.7137681159420289
Jamaica,2016,0.404,0.2459893048128342
Japan,2016,0.109,0.3141210374639769
Kazakhstan,2016,0.196,0.16018306636155605
Kenya,2016,0.534,0.13761467889908258
Kuwait,2016,0.312,0.08737864077669903
Kyrgyzstan,2016,0.383,0.06616257088846882
Lao People's Democratic Republic,2016,0.467,0.27272727272727276
Latvia,2016,0.226,0.4810379241516966
Lebanon,2016,0.446,0.7352342158859471
Lesotho,2016,0.55,0.09560229445506693
Liberia,2016,0.656,0.12738853503184713
Lithuania,2016,0.134,0.5162162162162163
Luxembourg,2016,0.073,0.8185483870967742
Malawi,2016,0.589,0.2648401826484018
Malaysia,2016,0.264,0.025114155251141555
Mali,2016,0.678,0.08035714285714286
Malta,2016,0.192,0.7889273356401385
Mauritius,2016,0.395,0.12219959266802444
Mexico,2016,0.341,0.3111111111111111
Mongolia,2016,0.317,0.13147410358565736
Morocco,2016,0.46,0.02990033222591362
Mozambique,2016,0.542,0.23694779116465867
Myanmar,2016,0.481,0.3146067415730337
Namibia,2016,0.46,0.29787234042553196
Nepal,2016,0.477,0.3503937007874016
Netherlands,2016,0.046,0.8339622641509434
New Zealand,2016,0.147,0.8497109826589595
Niger,2016,0.659,0.05660377358490566
Norway,2016,0.052,0.9330143540669857
Oman,2016,0.319,0.043243243243243246
Pakistan,2016,0.539,0.20391061452513967
Panama,2016,0.427,0.24590163934426232
Paraguay,2016,0.452,0.23893805309734514
Peru,2016,0.408,0.22905027932960895
Philippines,2016,0.431,0.17798594847775173
Poland,2016,0.137,0.7125
Portugal,2016,0.095,0.6339285714285714
Qatar,2016,0.521,0.05223880597014925
Romania,2016,0.317,0.4632152588555858
Russian Federation,2016,0.254,0.3601895734597156
Rwanda,2016,0.407,0.35784313725490197
Samoa,2016,0.371,0.41469194312796204
Sao Tome and Principe,2016,0.528,0.1702127659574468
Saudi Arabia,2016,0.265,0.07119741100323626
Senegal,2016,0.539,0.04395604395604396
Serbia,2016,0.151,1.0048661800486618
Sierra Leone,2016,0.65,0.29141104294478526
Singapore,2016,0.066,0.1863799283154122
Slovakia,2016,0.182,0.6461538461538462
Slovenia,2016,0.059,0.8181818181818181
South Africa,2016,0.417,0.3667377398720682
Spain,2016,0.08,0.8856209150326797
Sri Lanka,2016,0.399,0.07110091743119266
Sweden,2016,0.044,1.0430463576158941
Switzerland,2016,0.044,0.7985865724381626
Thailand,2016,0.419,0.07517084282460136
Togo,2016,0.574,0.1357142857142857
Tonga,2016,0.63,0.2541322314049587
Tunisia,2016,0.275,0.060665362035225046
Turkey,2016,0.334,0.39344262295081966
Uganda,2016,0.543,0.26744186046511625
Ukraine,2016,0.282,0.24242424242424243
United Arab Emirates,2016,0.162,0.0221606648199446
Uruguay,2016,0.3,0.7313432835820896
Uzbekistan,2016,0.288,0.05439330543933055
Yemen,2016,0.814,0.2955223880597015
Zambia,2016,0.548,0.17898832684824903
Zimbabwe,2016,0.541,0.051470588235294115
Albania,2017,0.187,0.15810276679841898
Algeria,2017,0.434,0.038461538461538464
Argentina,2017,0.332,0.5547945205479452
Armenia,2017,0.266,0.030245746691871456
Australia,2017,0.104,0.7291666666666667
Austria,2017,0.079,0.9073482428115015
Azerbaijan,2017,0.319,0.005050505050505051
Bahamas,2017,0.343,0.17741935483870966
Bahrain,2017,0.231,0.21153846153846154
Bangladesh,2017,0.542,0.30578512396694213
Barbados,2017,0.286,0.152317880794702
Belarus,2017,0.134,0.2408256880733945
Belgium,2017,0.052,0.8566176470588236
Benin,2017,0.614,0.15384615384615385
Bosnia and Herzegovina,2017,0.161,0.6503198294243071
Botswana,2017,0.473,0.2891891891891892
Brazil,2017,0.428,0.5357142857142857
Brunei Darussalam,2017,0.269,0.09059233449477352
Bulgaria,2017,0.214,0.8137931034482758
Burkina Faso,2017,0.605,0.3055555555555556
Burundi,2017,0.505,0.34375
Cambodia,2017,0.475,0.17268041237113405
Cameroon,2017,0.566,0.06857142857142857
Canada,2017,0.095,0.5508474576271186
Chad,2017,0.718,0.11267605633802816
China,2017,0.168,0.0375
Colombia,2017,0.431,0.30952380952380953
Congo,2017,0.571,0.07167235494880546
Costa Rica,2017,0.311,0.33774834437086093
Croatia,2017,0.131,0.9083769633507853
Cuba,2017,0.31,0.3728395061728395
Cyprus,2017,0.089,0.45579567779960706
Czechia,2017,0.132,0.766016713091922
Denmark,2017,0.041,1.0
Dominican Republic,2017,0.457,0.6724137931034483
Egypt,2017,0.451,0.009456264775413713
El Salvador,2017,0.384,0.11063829787234043
Estonia,2017,0.118,0.6402116402116402
Ethiopia,2017,0.522,0.11764705882352941
Fiji,2017,0.38,0.26352941176470585
Finland,2017,0.057,0.8525345622119817
France,2017,0.061,0.9090909090909092
Gambia,2017,0.618,0.05755395683453238
Georgia,2017,0.329,0.09523809523809523
Germany,2017,0.084,0.8651315789473685
Ghana,2017,0.542,0.05555555555555556
Greece,2017,0.129,0.7239130434782608
Guyana,2017,0.466,0.09999999999999999
Haiti,2017,0.639,0.2518518518518518
Hungary,2017,0.243,0.7613636363636364
Iceland,2017,0.069,0.9794520547945206
India,2017,0.525,0.30210772833723654
Indonesia,2017,0.478,0.07943262411347517
Iran (Islamic Republic of),2017,0.451,0.14342629482071712
Iraq,2017,0.584,0.09223300970873785
Ireland,2017,0.105,0.8195488721804511
Israel,2017,0.106,0.45480225988700573
Italy,2017,0.081,0.7216117216117216
Jamaica,2017,0.401,0.2417582417582418
Japan,2017,0.103,0.313782991202346
Kazakhstan,2017,0.192,0.15813953488372093
Kenya,2017,0.524,0.1355140186915888
Kuwait,2017,0.277,0.0849514563106796
Kyrgyzstan,2017,0.378,0.06439393939393939
Lao People's Democratic Republic,2017,0.461,0.26677577741407527
Latvia,2017,0.212,0.48192771084337355
Lebanon,2017,0.444,0.7317073170731707
Lesotho,2017,0.552,0.08955223880597014
Liberia,2017,0.657,0.1241830065359477
Lithuania,2017,0.131,0.5263157894736842
Luxembourg,2017,0.068,0.8340248962655602
Malawi,2017,0.585,0.2619047619047619
Malaysia,2017,0.263,0.02552204176334107
Mali,2017,0.675,0.07623318385650224
Malta,2017,0.194,0.8
Mauritius,2017,0.386,0.11934156378600823
Mexico,2017,0.336,0.30593607305936077
Mongolia,2017,0.318,0.128
Morocco,2017,0.458,0.030612244897959186
Mozambique,2017,0.528,0.23651452282157676
Myanmar,2017,0.484,0.3055162659123055
Namibia,2017,0.451,0.2791519434628975
Nepal,2017,0.467,0.3326612903225806
Netherlands,2017,0.045,0.8314176245210727
New Zealand,2017,0.133,0.8493975903614457
Niger,2017,0.646,0.05590062111801242
Norway,2017,0.048,0.9396984924623116
Oman,2017,0.317,0.043243243243243246
Pakistan,2017,0.538,0.19653179190751444
Panama,2017,0.422,0.25
Paraguay,2017,0.453,0.23502304147465436
Peru,2017,0.411,0.22891566265060237
Philippines,2017,0.432,0.1729857819905213
Poland,2017,0.131,0.7115384615384616
Portugal,2017,0.09,0.6586826347305389
Qatar,2017,0.188,0.05243445692883895
Romania,2017,0.279,0.4568245125348189
Russian Federation,2017,0.236,0.3743961352657005
Rwanda,2017,0.404,0.355
Samoa,2017,0.366,0.4144578313253012
Sao Tome and Principe,2017,0.527,0.15789473684210525
Saudi Arabia,2017,0.262,0.06730769230769232
Senegal,2017,0.537,0.0449438202247191
Serbia,2017,0.146,1.019753086419753
Sierra Leone,2017,0.648,0.2852664576802508
Singapore,2017,0.067,0.1863799283154122
Slovakia,2017,0.185,0.6640826873385012
Slovenia,2017,0.055,0.8134920634920635
South Africa,2017,0.414,0.35698924731182796
Spain,2017,0.078,0.9054054054054054
Sri Lanka,2017,0.398,0.06682027649769585
Sweden,2017,0.044,1.0515463917525774
Switzerland,2017,0.041,0.8042704626334519
Thailand,2017,0.432,0.07390300230946883
Togo,2017,0.572,0.12318840579710144
Tonga,2017,0.357,0.25206611570247933
Tunisia,2017,0.271,0.05952380952380953
Turkey,2017,0.325,0.40238095238095234
Uganda,2017,0.538,0.26380368098159507
Ukraine,2017,0.273,0.24401913875598086
United Arab Emirates,2017,0.158,0.0221606648199446
Uruguay,2017,0.286,0.7269230769230769
Uzbekistan,2017,0.288,0.05485232067510549
Yemen,2017,0.813,0.2909090909090909
Zambia,2017,0.542,0.17716535433070868
Zimbabwe,2017,0.533,0.05204460966542751
Albania,2018,0.186,0.15643564356435644
Algeria,2018,0.433,0.03856749311294766
Argentina,2018,0.328,0.5460992907801419
Armenia,2018,0.264,0.030888030888030892
Australia,2018,0.103,0.7272727272727273
Austria,2018,0.076,0.9111842105263158
Azerbaijan,2018,0.321,0.005128205128205128
Bahamas,2018,0.343,0.17204301075268816
Bahrain,2018,0.213,0.2072289156626506
Bangladesh,2018,0.54,0.29207920792079206
Barbados,2018,0.261,0.15333333333333332
Belarus,2018,0.128,0.2429906542056075
Belgium,2018,0.048,0.858736059479554
Benin,2018,0.613,0.15322580645161288
Bosnia and Herzegovina,2018,0.158,0.6522678185745141
Botswana,2018,0.472,0.2707774798927614
Brazil,2018,0.41,0.5348837209302325
Brunei Darussalam,2018,0.262,0.08741258741258741
Bulgaria,2018,0.213,0.8305882352941176
Burkina Faso,2018,0.605,0.28915662650602414
Burundi,2018,0.504,0.3404255319148936
Cambodia,2018,0.473,0.16844919786096257
Cameroon,2018,0.561,0.06857142857142857
Canada,2018,0.088,0.5462555066079295
Chad,2018,0.709,0.10798122065727699
Chile,2018,0.253,0.8191056910569104
China,2018,0.167,0.03773584905660377
Colombia,2018,0.432,0.3032786885245902
Congo,2018,0.57,0.06644518272425248
Costa Rica,2018,0.291,0.3401360544217687
Croatia,2018,0.126,0.9313984168865435
Cuba,2018,0.305,0.36523929471032746
Cyprus,2018,0.088,0.46506986027944114
Czechia,2018,0.135,0.7668539325842697
Denmark,2018,0.04,1.016304347826087
Dominican Republic,2018,0.456,0.6696428571428572
Egypt,2018,0.45,0.009456264775413713
El Salvador,2018,0.384,0.10964912280701754
Estonia,2018,0.105,0.6531165311653118
Ethiopia,2018,0.519,0.10843373493975902
Fiji,2018,0.369,0.2624113475177305
Finland,2018,0.054,0.8714285714285714
France,2018,0.055,0.9222222222222223
Gambia,2018,0.614,0.054945054945054944
Georgia,2018,0.327,0.0959409594095941
Germany,2018,0.084,0.8695652173913044
Ghana,2018,0.54,0.05714285714285715
Greece,2018,0.125,0.7240618101545254
Guyana,2018,0.463,0.0995475113122172
Haiti,2018,0.638,0.24812030075187969
Hungary,2018,0.23,0.7586206896551725
Iceland,2018,0.063,0.9856115107913669
India,2018,0.512,0.28809523809523807
Indonesia,2018,0.474,0.075177304964539
Iran (Islamic Republic of),2018,0.455,0.14227642276422764
Iraq,2018,0.581,0.08823529411764706
Ireland,2018,0.099,0.8122605363984674
Israel,2018,0.102,0.44886363636363635
Italy,2018,0.07,0.7232472324723247
Jamaica,2018,0.399,0.23728813559322035
Japan,2018,0.1,0.31626506024096385
Kazakhstan,2018,0.191,0.15639810426540282
Kenya,2018,0.521,0.1346153846153846
Kuwait,2018,0.274,0.08312958435207823
Kyrgyzstan,2018,0.375,0.06476190476190476
Lao People's Democratic Republic,2018,0.46,0.2579034941763727
Latvia,2018,0.173,0.48484848484848486
Lebanon,2018,0.413,0.7267206477732794
Lesotho,2018,0.553,0.08409506398537477
Liberia,2018,0.65,0.11920529801324505
Lithuania,2018,0.128,0.538243626062323
Luxembourg,2018,0.082,0.8389830508474576
Malawi,2018,0.582,0.25490196078431376
Malaysia,2018,0.251,0.023419203747072598
Mali,2018,0.675,0.07589285714285715
Malta,2018,0.191,0.8093525179856115
Mauritius,2018,0.382,0.11180124223602486
Mexico,2018,0.324,0.30660377358490565
Mongolia,2018,0.32,0.12627291242362526
Morocco,2018,0.455,0.031468531468531465
Mozambique,2018,0.527,0.2307692307692308
Myanmar,2018,0.483,0.2962962962962963
Namibia,2018,0.441,0.2605633802816902
Nepal,2018,0.456,0.3148148148148148
Netherlands,2018,0.043,0.83203125
New Zealand,2018,0.129,0.8385093167701863
Niger,2018,0.645,0.049079754601226995
Norway,2018,0.046,0.9267015706806282
Oman,2018,0.315,0.03783783783783783
Pakistan,2018,0.54,0.19047619047619047
Panama,2018,0.416,0.24324324324324326
Paraguay,2018,0.45,0.22596153846153846
Peru,2018,0.401,0.23076923076923078
Philippines,2018,0.429,0.16826923076923075
Poland,2018,0.126,0.712871287128713
Portugal,2018,0.085,0.6726726726726727
Qatar,2018,0.187,0.04868913857677903
Romania,2018,0.279,0.44886363636363635
Russian Federation,2018,0.231,0.38386308068459657
Rwanda,2018,0.403,0.35025380710659904
Samoa,2018,0.363,0.4142156862745098
Sao Tome and Principe,2018,0.537,0.14736842105263157
Saudi Arabia,2018,0.258,0.06410256410256411
Senegal,2018,0.535,0.040229885057471264
Serbia,2018,0.141,1.03
Sierra Leone,2018,0.646,0.27419354838709675
Singapore,2018,0.066,0.1834532374100719
Slovakia,2018,0.188,0.6735751295336787
Slovenia,2018,0.072,0.8087649402390438
South Africa,2018,0.411,0.3418803418803419
Spain,2018,0.076,0.9175257731958762
Sri Lanka,2018,0.396,0.0625
Sweden,2018,0.041,1.0390070921985817
Switzerland,2018,0.039,0.8093525179856115
Thailand,2018,0.424,0.07294117647058823
Togo,2018,0.57,0.11851851851851852
Tonga,2018,0.357,0.25
Tunisia,2018,0.273,0.05906313645621181
Turkey,2018,0.308,0.40963855421686746
Uganda,2018,0.537,0.25806451612903225
Ukraine,2018,0.27,0.24146341463414636
United Arab Emirates,2018,0.142,0.02247191011235955
Uruguay,2018,0.285,0.7301587301587301
Uzbekistan,2018,0.288,0.055793991416309016
Yemen,2018,0.811,0.2861538461538462
Zambia,2018,0.539,0.17600000000000002
Zimbabwe,2018,0.532,0.04905660377358491
